{
  "id": "fc864374-610b-42d5-88da-3b95314702eb",
  "values": [
    {
      "key": "base_url",
      "value": "https://cdn.contentstack.io",
      "type": "default",
      "enabled": true
    },
    {
      "key": "content_type_uid",
      "value": ["events", "event_blog", "event_organizer"],
      "type": "default",
      "enabled": true
    },
    {
      "key": "environment",
      "value": "preview",
      "type": "default",
      "enabled": true
    },
    {
      "key": "api_key",
      "value": "blt3815e63116cffb83",
      "type": "default",
      "enabled": true
    },
    {
      "key": "access_key",
      "value": "cs7be79a265bc2248e20fa30c3",
      "type": "default",
      "enabled": true
    }
  ],
  "name": "Globals",
  "_postman_variable_scope": "globals",
  "_postman_exported_at": "2023-07-24T15:29:24.234Z",
  "_postman_exported_using": "Postman/10.16.0"
}
