{
	"id": "456e7395-d849-4c9b-a5fc-df2da1eed5e2",
	"name": "Events Stack",
	"values": [
		{
			"key": "base_url",
			"value": "https://cdn.contentstack.io",
			"type": "default",
			"enabled": true
		},
		{
			"key": "environment",
			"value": "preview",
			"type": "default",
			"enabled": true
		},
		{
			"key": "api_key",
			"value": "blt3815e63116cffb83",
			"type": "default",
			"enabled": true
		},
		{
			"key": "delivery_token",
			"value": "cs7be79a265bc2248e20fa30c3",
			"type": "default",
			"enabled": true
		},
		{
			"key": "content_type_uid",
			"value": "events",
			"type": "default",
			"enabled": true
		},
		{
			"key": "content_type_uid",
			"value": "event_blog",
			"type": "default",
			"enabled": true
		},
		{
			"key": "content_type_uid",
			"value": "event_organizer",
			"type": "default",
			"enabled": true
		}
	],
	"_postman_variable_scope": "environment",
	"_postman_exported_at": "2023-07-24T14:49:04.812Z",
	"_postman_exported_using": "Postman/10.16.0"
}
